{"cameraMode":{"drawMode":0,"name":"Shaded","section":"Shading Mode"},"sceneLighting":true,"audioPlay":false,"sceneViewState":{"m_AlwaysRefresh":false,"showFog":true,"showSkybox":true,"showFlares":true,"showImageEffects":true,"showParticleSystems":true,"showVisualEffectGraphs":true,"m_FxEnabled":true},"in2DMode":false,"pivot":{"x":0.06802517175674439,"y":0.6907070279121399,"z":0.1595403552055359},"rotation":{"x":-0.02130616083741188,"y":0.013343657366931439,"z":-0.00028435405693016946,"w":-0.9996805191040039},"size":1.4387580156326295,"orthographic":false}