{"cameraMode":{"drawMode":0,"name":"Shaded","section":"Shading Mode"},"sceneLighting":true,"audioPlay":false,"sceneViewState":{"m_AlwaysRefresh":false,"showFog":true,"showSkybox":true,"showFlares":true,"showImageEffects":true,"showParticleSystems":true,"showVisualEffectGraphs":true,"m_FxEnabled":true},"in2DMode":false,"pivot":{"x":595.1456298828125,"y":301.73492431640627,"z":135.1890869140625},"rotation":{"x":-0.08419143408536911,"y":0.02077176421880722,"z":-0.0017554140649735928,"w":-0.9962306022644043},"size":626.5147094726563,"orthographic":false}